<?xml version="1.0" encoding="UTF-8"?>
<STOPWORDS>
	<STOP word="a"/>
	<STOP word="about"/>
	<STOP word="after"/>
	<STOP word="against"/>
	<STOP word="all"/>
	<STOP word="also"/>
	<STOP word="among"/>
	<STOP word="an"/>
	<STOP word="and"/>
	<STOP word="are"/>
	<STOP word="as"/>
	<STOP word="at"/>
	<STOP word="be"/>
	<STOP word="became"/>
	<STOP word="because"/>
	<STOP word="been"/>
	<STOP word="between"/>
	<STOP word="but"/>
	<STOP word="by"/>
	<STOP word="can"/>
	<STOP word="come"/>
	<STOP word="do"/>
	<STOP word="during"/>
	<STOP word="each"/>
	<STOP word="early"/>
	<STOP word="for"/>
	<STOP word="form"/>
	<STOP word="found"/>
	<STOP word="from"/>
	<STOP word="had"/>
	<STOP word="has"/>
	<STOP word="have"/>
	<STOP word="he"/>
	<STOP word="her"/>
	<STOP word="his"/>
	<STOP word="however"/>
	<STOP word="in"/>
	<STOP word="include"/>
	<STOP word="into"/>
	<STOP word="is"/>
	<STOP word="it"/>
	<STOP word="its"/>
	<STOP word="late"/>
	<STOP word="later"/>
	<STOP word="me"/>
	<STOP word="med"/>
	<STOP word="made"/>
	<STOP word="many"/>
	<STOP word="may"/>
	<STOP word="more"/>
	<STOP word="most"/>
	<STOP word="near"/>
	<STOP word="no"/>
	<STOP word="non"/>
	<STOP word="not"/>
	<STOP word="of"/>
	<STOP word="on"/>
	<STOP word="only"/>
	<STOP word="or"/>
	<STOP word="other"/>
	<STOP word="over"/>
	<STOP word="several"/>
	<STOP word="she"/>
	<STOP word="some"/>
	<STOP word="such"/>
	<STOP word="than"/>
	<STOP word="that"/>
	<STOP word="the"/>
	<STOP word="their"/>
	<STOP word="then"/>
	<STOP word="there"/>
	<STOP word="these"/>
	<STOP word="they"/>
	<STOP word="this"/>
	<STOP word="through"/>
	<STOP word="to"/>
	<STOP word="under"/>
	<STOP word="until"/>
	<STOP word="use"/>
	<STOP word="was"/>
	<STOP word="we"/>
	<STOP word="were"/>
	<STOP word="when"/>
	<STOP word="where"/>
	<STOP word="which"/>
	<STOP word="who"/>
	<STOP word="with"/>
	<STOP word="you"/>
</STOPWORDS>
