<?xml version="1.0" encoding="UTF-8"?>
<!DOCTYPE CUSTDATA SYSTEM "..\..\..\_DTDs\bcbssc_CUSTDATA.dtd">
<CUSTDATA>
	<SYSTEM>CUST1</SYSTEM>
	<CUSTOMER>Customer1</CUSTOMER>
	<CUSTSYS>XXXX</CUSTSYS>
	<AUTHOR>Your Name, Programming Support</AUTHOR>
	<VERSION>0.0</VERSION>
	<DATE>Month Day, Year</DATE>
	<ABSTRACT/>
	<TSO>TSOxxx</TSO>
	<TPX>TPXxxx</TPX>
	<SYSAFF>SYSxxx</SYSAFF>
	<CICSREGION>CICSxxx</CICSREGION>
	<PORTALCOMPANY>xxxxxxxx</PORTALCOMPANY>
	<STAGINGJOBDECK>xxxxxxxx</STAGINGJOBDECK>
	<JCLOVR>xxxxxxxx</JCLOVR>
	<MGMTCLAS type="work">xxxxxxxx</MGMTCLAS>
	<DATACLAS type="default">xxxxxxxx</DATACLAS>
	<DATACLAS type="vsam">xxxxxxxx</DATACLAS>
	<DATACLAS type="multi">xxxxxxxx</DATACLAS>
	<DB2SUBSYS>xxxxxxxx</DB2SUBSYS>
	<IMSSUBSYS>xxxxxxxx</IMSSUBSYS>
	<SUBMITAREA>zzzzzzzz</SUBMITAREA>
	<ONCALLOPT>xxxxxxxx</ONCALLOPT>
	<SAMPLEPCLJOB>xxxxxxxx</SAMPLEPCLJOB>
	<SAMPLEPCLJOBOVR>xxxxxxxx</SAMPLEPCLJOBOVR>
	<SAMPLEPJOB>xxxxxxxx</SAMPLEPJOB>
	<SAMPLEAPP>xxxxxxxx</SAMPLEAPP>
	<SAMPLETJOB>xxxxxxxx</SAMPLETJOB>
	<MQLINK>xxxxxxxx</MQLINK>
	<CAVIEWRPTPFX>rrrrrrrr</CAVIEWRPTPFX>
	<GLOSSLEVEL>2</GLOSSLEVEL>
</CUSTDATA>
