<?xml version="1.0" encoding="UTF-8"?>
<!DOCTYPE VERSIONHISTORY SYSTEM "..\..\..\_DTDs\bcbssc_VERSIONHISTORY.dtd">
<VERSIONHISTORY for="CUST1">
	<VERSIONS>
		<CURRENT vers="0.0">
			<TABLE type="data">
				<THEAD>
					<ROW>
						<COL>Version</COL>
						<COL>Effective Date</COL>
						<COL>Change Description</COL>
					</ROW>
				</THEAD>
				<ROW>
					<COL>0.0</COL>
					<COL>mm/dd/yyyy</COL>
					<COL>Document Created</COL>
				</ROW>
			</TABLE>
		</CURRENT>
	</VERSIONS>
	<REVISIONS>
		<CURRENT>
			<TABLE type="data">
				<THEAD>
					<ROW>
						<COL>Chapter#</COL>
						<COL>Heading</COL>
						<COL>Description Update</COL>
					</ROW>
				</THEAD>
				<ROW>
					<COL>xxx</COL>
					<COL>xxxxx</COL>
					<COL>xxxxxxxx.</COL>
				</ROW>
				<ROW>
					<COL>yyy</COL>
					<COL>yyyyy</COL>
					<COL>yyyyyyyy</COL>
				</ROW>
			</TABLE>
		</CURRENT>
		<PREVIOUS nbr="Z.01" vers="0.0"/>
	</REVISIONS>
</VERSIONHISTORY>
