<ALLTOPICS>
	<TOPIC nbr="00" chapter="yes" level="1">
		<TITLE>Version History</TITLE>
		<BODY>
			<PARA>This section contains a list of all major versions of this online Help Development Guide.</PARA>
			<TABLE type="data">
				<THEAD>
					<ROW>
						<COL>Version</COL>
						<COL>Effective Date</COL>
						<COL>Change Description</COL>
					</ROW>
				</THEAD>
				<ROW>
					<COL>1.0</COL>
					<COL>1/15/2012</COL>
					<COL>Document Created</COL>
				</ROW>
			</TABLE>
			<PARA>This section contains a list of the revisions for this version:</PARA>
			<TABLE type="data">
				<THEAD>
					<ROW>
						<COL>Chapter#</COL>
						<COL>Heading</COL>
						<COL>Description Update</COL>
					</ROW>
				</THEAD>
				<ROW>
					<COL>x</COL>
					<COL>xx</COL>
					<COL>xxx</COL>
				</ROW>
				<ROW>
					<COL>y </COL>
					<COL>yy </COL>
					<COL>yyy</COL>
				</ROW>
				<ROW>
					<COL>z </COL>
					<COL>zz </COL>
					<COL>zzz </COL>
				</ROW>
			</TABLE>
		</BODY>
	</TOPIC>
	<TOPIC nbr="00.01" toc="yes" level="1">
		<TITLE alt="i. Introduction to this Help Guide">i. Introduction to this Help Guide</TITLE>
		<INDEX>Introduction to this Help Guide</INDEX>
		<INDEX>help, introduction to</INDEX>
		<INDEX>help on help</INDEX>
		<INDEX>help, about</INDEX>
		<BODY>
			<PARA>This Help Guide has been developed using all of the tools, processes, and standards that are required for all Programming Support Help Guides created by 
				<COMPANY/>. </PARA>
			<PARA>In this section you will learn:</PARA>
			<ULIST>
				<ITEM>
					<LINK url="00.01.01">i.1 - Help system navigation</LINK>
				</ITEM>
				<ITEM>
					<LINK url="00.01.02">i.2 - Help system conventions</LINK>
				</ITEM>
				<ITEM>
					<LINK url="00.01.03">i.3 - Getting further help</LINK>
				</ITEM>
			</ULIST>
		</BODY>
	</TOPIC>
	<TOPIC nbr="00.01.01" toc="yes" level="2">
		<TITLE alt="i.1 - Help System Navigation">i.1 - Help system navigation</TITLE>
		<INDEX>Introduction to this Help Guide</INDEX>
		<INDEX>help</INDEX>
		<INDEX>Help System Navigation</INDEX>
		<INDEX>help, navigation</INDEX>
		<BODY>
			<PARA>This help system is organized both topically and sequentially, meaning you can reference topics individually, or read through the topics in order.</PARA>
			<PARA>Navigation occurs by:</PARA>
			<ULIST>
				<ITEM>Clicking a topic in the <EMPH>Contents</EMPH> tab</ITEM>
				<ITEM>Clicking a link within the text of a topic</ITEM>
				<ITEM>Clicking a link within the <EMPH>Index</EMPH> tab</ITEM>
				<ITEM>Entering search keywords in the <EMPH>Search</EMPH> tab</ITEM>
				<ITEM>Selecting a previous bookmark from within the <EMPH>Favorites</EMPH> tab</ITEM>
			</ULIST>
			<PARA>Each topic contains a link to the previous and next topics.</PARA>
		</BODY>
	</TOPIC>
	<TOPIC nbr="00.01.02" toc="yes" level="2">
		<TITLE alt="i.2 - Help System Conventions">i.2 - Help system conventions</TITLE>
		<INDEX>Introduction to this Help Guide</INDEX>
		<INDEX>Help System Conventions</INDEX>
		<INDEX>help</INDEX>
		<INDEX>help, conventions</INDEX>
		<BODY>
			<PARA>Conventions used in this help manual are:</PARA>
			<ULIST>
				<ITEM>Buttons and menu options are capitalized and appear in <EMPH>bold letters</EMPH>.</ITEM>
				<ITEM>User-entered fields are in <ITALIC>italics</ITALIC>.</ITEM>
				<ITEM>Where applicable, direct links to related subtopics are provided.</ITEM>
				<ITEM>Notes are used to illustrate a different method for a specific function or to provide additional information regarding the function.  There are four different levels of notes:
						<MSGBOX type="new">NEW indicates a new topic or significant changes to an existing topic.</MSGBOX><MSGBOX type="note">NOTES indicate supplemental information or alternative methods.</MSGBOX><MSGBOX type="warning">CAUTIONS indicate special conditions and things to be aware of in using the tool.</MSGBOX><MSGBOX type="stop">STOP notes indicate conditions you must address before continuing in the process. You do not want to ignore these.</MSGBOX></ITEM>
			</ULIST>
		</BODY>
	</TOPIC>
	<TOPIC nbr="00.01.03" toc="yes" level="2">
		<TITLE alt="i.3 - Getting further help">i.3 - Getting further help</TITLE>
		<INDEX>Introduction to this Help Guide</INDEX>
		<INDEX>help</INDEX>
		<INDEX>help, getting further help</INDEX>
		<BODY>
			<PARA>If the information in this document is found to be incomplete or inaccurate, please contact the author.</PARA>
		</BODY>
	</TOPIC>
	<TOPIC nbr="01" chapter="yes" level="1">
		<TITLE alt=" Chapter 1 - Chapter Title">Chapter 1 - Chapter Title</TITLE>
		<INDEX>Introduction to Online Help</INDEX>
		<INDEX>introduction</INDEX>
		<BODY>
			<PARA>In this section, you will learn about <LINK ref="whatisXML">XML</LINK>:</PARA>
			<ULIST>
				<ITEM>
					<LINK url="01.01">1.1 - First topic</LINK>
				</ITEM>
				<ITEM for="CUST1">
					<LINK url="01.02">1.2 - Customer 1 specific topic</LINK>
				</ITEM>
			</ULIST>
			<PARA for="CUST1">Customer 1 specific content only.</PARA>
			<PARA for="CUST2">Customer 2 specific content only.</PARA>
		</BODY>
	</TOPIC>
	<TOPIC nbr="01.01" toc="yes" level="2">
		<TITLE alt=" 1.1 - First topic ">1.1 - First topic</TITLE>
		<INDEX>First topic</INDEX>
		<INDEX>Index term 1</INDEX>
		<INDEX>Index term 2</INDEX>
		<BODY>
			<PARA>Enter your content here.</PARA>
			<PARA>Subtopics are:</PARA>
			<ULIST>
				<!--You can have up to six levels of subtopics.-->
				<ITEM>
					<LINK url="01.01.01">1.1.1 - Subtopic title 1</LINK>
				</ITEM>
				<ITEM for="CUST2">
					<LINK url="01.01.02">1.1.2 - Customer 2 specific subtopic</LINK>
				</ITEM>
			</ULIST>
		</BODY>
	</TOPIC>
	<TOPIC nbr="01.01.01" toc="yes" level="3">
		<TITLE alt=" 1.1.1 - Subtopic title 1 ">1.1.1 - Subtopic title 1</TITLE>
		<INDEX>First topic</INDEX>
		<INDEX>Subtopic title 1</INDEX>
		<INDEX>Index term 1</INDEX>
		<INDEX>Index term 4</INDEX>
		<BODY>
			<PARA>Enter your content here.</PARA>
		</BODY>
	</TOPIC>
	<TOPIC nbr="01.01.02" toc="yes" level="3">
		<TITLE alt=" 1.1.2 - Subtopic title 2 ">1.1.2 - Subtopic title 2</TITLE>
		<INDEX>First topic</INDEX>
		<INDEX>Subtopic title 2</INDEX>
		<INDEX>Index term 3</INDEX>
		<INDEX>Index term 4</INDEX>
		<BODY>
			<PARA>Enter your content here.</PARA>
		</BODY>
	</TOPIC>
	<TOPIC nbr="01.02" toc="yes" level="2">
		<TITLE alt=" 1.2 - Second topic ">1.1 - Second topic</TITLE>
		<INDEX>Second topic</INDEX>
		<INDEX>Index term 2</INDEX>
		<INDEX>Index term 3</INDEX>
		<BODY>
			<PARA>Enter your content here.</PARA>
			<PARA>Subtopics are:</PARA>
			<ULIST>
				<!--You can have up to six levels of subtopics.-->
				<ITEM>
					<LINK url="01.02.01">1.2.1 - Subtopic title 1</LINK>
				</ITEM>
				<ITEM>
					<LINK url="01.02.02">1.2.2 - Subtopic title 2</LINK>
				</ITEM>
			</ULIST>
		</BODY>
	</TOPIC>
	<TOPIC nbr="01.02.01" toc="yes" level="3">
		<TITLE alt=" 1.2.1 - Subtopic title 1 ">1.2.1 - Subtopic title 1</TITLE>
		<INDEX>Second topic</INDEX>
		<INDEX>Subtopic title 1</INDEX>
		<INDEX>Index term 1</INDEX>
		<INDEX>Index term 4</INDEX>
		<BODY>
			<PARA>Enter your content here.</PARA>
		</BODY>
	</TOPIC>
	<TOPIC nbr="01.02.02" toc="yes" level="3">
		<TITLE alt=" 1.2.2 - Subtopic title 2 ">1.2.2 - Subtopic title 2</TITLE>
		<INDEX>Second topic</INDEX>
		<INDEX>Subtopic title 2</INDEX>
		<INDEX>Index term 3</INDEX>
		<INDEX>Index term 4</INDEX>
		<BODY>
			<PARA>Enter your content here.</PARA>
		</BODY>
	</TOPIC>
	<TOPIC nbr="99" chapter="yes" level="1">
		<TITLE alt="Appendices">Appendices</TITLE>
		<INDEX>Appendices</INDEX>
		<BODY>
			<PARA>This section contains the following appendices:</PARA>
			<ULIST>
				<ITEM>
					<LINK url="A">Appendix A - AAAAAA</LINK>
				</ITEM>
				<ITEM for="CUST2">
					<LINK url="B">Appendix B - BBBBBB</LINK>
				</ITEM>
				<ITEM for="CUST1">
					<LINK url="C">Appendix C - CCCCCC</LINK>
				</ITEM>
				<!--Always keep Appendix Z - It is for revision history.-->
				<ITEM>
					<LINK url="Z">Appendix Z - Previous Version Revisions</LINK>
				</ITEM>
			</ULIST>
		</BODY>
	</TOPIC>
	<TOPIC nbr="A" toc="yes" level="2">
		<TITLE alt="Appendix A - AAAAAA">Appendix A - AAAAAA</TITLE>
		<INDEX>AAAAAAA</INDEX>
		<BODY>
			<PARA/>
		</BODY>
	</TOPIC>
	<TOPIC nbr="Z" toc="yes" level="2">
		<TITLE alt="Appendix Z - Previous Versions Revisions">Appendix Z - Previous Versions Revisions</TITLE>
		<INDEX>Appendix Z - Previous Versions Revisions</INDEX>
		<INDEX>versions</INDEX>
		<INDEX>revisions</INDEX>
		<INDEX>revision history</INDEX>
		<BODY>
			<PARA>There are no previous versions at this time.</PARA>
		</BODY>
	</TOPIC>
	<TOPIC nbr="C" toc="yes" level="2">
		<TITLE alt="Appendix C - For Customer 1 only">Appendix C - For Customer 1 only</TITLE>
		<INDEX>BBBBBB</INDEX>
		<BODY>
			<PARA/>
		</BODY>
	</TOPIC>
</ALLTOPICS>